start_id,end_id,start_date,end_date,subscription_type
29,29,8/29/2013 13:19,8/29/2013 13:51,Subscriber
29,29,8/29/2013 13:19,8/29/2013 13:50,Subscriber
58,62,8/29/2013 16:25,8/29/2013 16:57,Customer
39,39,8/29/2013 13:27,8/29/2013 14:00,Customer
58,42,8/29/2013 10:17,8/29/2013 10:50,Customer
15,15,8/29/2013 19:17,8/29/2013 19:50,Customer
33,40,8/29/2013 17:50,8/29/2013 18:23,Customer
57,57,8/29/2013 12:18,8/29/2013 12:52,Customer
37,47,8/29/2013 18:22,8/29/2013 18:57,Customer
49,62,8/29/2013 14:12,8/29/2013 14:47,Customer
55,45,8/29/2013 11:22,8/29/2013 11:58,Subscriber
55,47,8/29/2013 16:24,8/29/2013 17:00,Subscriber
34,65,8/29/2013 11:58,8/29/2013 12:33,Subscriber
42,41,8/29/2013 15:26,8/29/2013 16:08,Customer
28,28,8/29/2013 18:50,8/29/2013 19:46,Subscriber
66,42,8/29/2013 16:04,8/29/2013 17:00,Customer
55,58,8/29/2013 10:19,8/29/2013 11:18,Subscriber
49,47,8/29/2013 12:33,8/29/2013 13:33,Customer
55,58,8/29/2013 10:17,8/29/2013 11:17,Subscriber
16,16,8/29/2013 9:31,8/29/2013 10:34,Customer
34,34,8/29/2013 16:17,8/29/2013 17:26,Customer
48,37,8/29/2013 14:07,8/29/2013 15:20,Customer
65,66,8/29/2013 15:00,8/29/2013 16:15,Customer
47,54,8/29/2013 14:13,8/29/2013 15:29,Customer
47,54,8/29/2013 14:13,8/29/2013 15:28,Customer
65,66,8/29/2013 15:00,8/29/2013 16:15,Customer
38,38,8/29/2013 18:22,8/29/2013 19:41,Customer
48,56,8/29/2013 17:00,8/29/2013 18:20,Customer
41,65,8/29/2013 15:09,8/29/2013 16:34,Customer
40,62,8/29/2013 18:12,8/29/2013 19:44,Customer
44,44,8/29/2013 12:06,8/29/2013 13:41,Customer
61,38,8/29/2013 18:11,8/29/2013 19:48,Customer
54,54,8/29/2013 15:40,8/29/2013 17:20,Customer
56,55,8/29/2013 14:35,8/29/2013 16:16,Customer
39,39,8/29/2013 10:49,8/29/2013 12:48,Customer
66,61,8/29/2013 14:04,8/29/2013 16:03,Subscriber
65,65,8/29/2013 15:18,8/29/2013 18:23,Customer
65,65,8/29/2013 15:17,8/29/2013 18:25,Customer
6,4,8/29/2013 13:39,8/29/2013 17:04,Subscriber
65,42,8/29/2013 12:23,8/29/2013 16:37,Customer
38,66,8/29/2013 11:04,8/29/2013 16:08,Customer
38,66,8/29/2013 11:04,8/29/2013 16:08,Customer
42,56,8/29/2013 11:18,8/29/2013 17:18,Customer
21,32,8/29/2013 15:34,8/30/2013 6:12,Subscriber
65,40,8/29/2013 13:43,8/30/2013 13:19,Customer
65,40,8/29/2013 13:37,8/30/2013 13:20,Customer
41,34,8/29/2013 21:41,8/30/2013 21:37,Customer
22,21,8/29/2013 13:30,8/30/2013 16:38,Subscriber
51,51,8/30/2013 16:30,8/30/2013 16:31,Subscriber
66,66,8/30/2013 8:18,8/30/2013 8:19,Customer
9,10,8/30/2013 10:56,8/30/2013 10:57,Subscriber
56,55,8/30/2013 10:44,8/30/2013 10:46,Subscriber
64,66,8/30/2013 12:52,8/30/2013 12:54,Subscriber
43,43,8/30/2013 15:04,8/30/2013 15:06,Customer
40,40,8/30/2013 12:07,8/30/2013 12:09,Customer
65,65,8/30/2013 22:37,8/30/2013 22:39,Subscriber
35,35,8/30/2013 14:14,8/30/2013 14:17,Customer
55,55,8/30/2013 19:32,8/30/2013 19:34,Subscriber
55,55,8/30/2013 15:22,8/30/2013 15:25,Customer
44,39,8/30/2013 12:05,8/30/2013 12:08,Subscriber
8,8,8/30/2013 17:53,8/30/2013 17:56,Subscriber
51,53,8/30/2013 13:43,8/30/2013 13:46,Subscriber
46,42,8/30/2013 12:00,8/30/2013 12:03,Customer
39,44,8/30/2013 13:12,8/30/2013 13:15,Subscriber
40,34,8/30/2013 12:04,8/30/2013 12:07,Subscriber
55,55,8/30/2013 14:00,8/30/2013 14:03,Customer
55,56,8/30/2013 12:36,8/30/2013 12:39,Subscriber
12,9,8/30/2013 10:37,8/30/2013 10:41,Subscriber
52,52,8/30/2013 11:58,8/30/2013 12:02,Customer
61,56,8/30/2013 9:47,8/30/2013 9:50,Subscriber
56,61,8/30/2013 17:09,8/30/2013 17:13,Customer
49,38,8/30/2013 15:05,8/30/2013 15:09,Customer
38,34,8/30/2013 12:46,8/30/2013 12:50,Customer
51,51,8/30/2013 16:31,8/30/2013 16:35,Subscriber
64,44,8/30/2013 9:52,8/30/2013 9:55,Subscriber
55,61,8/30/2013 17:22,8/30/2013 17:25,Subscriber
54,58,8/30/2013 13:28,8/30/2013 13:32,Customer
35,40,8/30/2013 14:38,8/30/2013 14:41,Subscriber
66,63,8/30/2013 14:27,8/30/2013 14:31,Subscriber
51,66,8/30/2013 18:15,8/30/2013 18:18,Customer
40,40,8/30/2013 9:58,8/30/2013 10:02,Customer
59,50,8/30/2013 11:48,8/30/2013 11:52,Subscriber
35,35,8/30/2013 11:58,8/30/2013 12:02,Subscriber
6,10,8/30/2013 14:03,8/30/2013 14:07,Subscriber
55,47,8/30/2013 12:04,8/30/2013 12:08,Subscriber
47,48,8/30/2013 13:46,8/30/2013 13:50,Subscriber
21,22,8/30/2013 7:27,8/30/2013 7:31,Customer
59,54,8/30/2013 9:05,8/30/2013 9:09,Customer
56,55,8/30/2013 12:47,8/30/2013 12:51,Subscriber
54,59,8/30/2013 19:49,8/30/2013 19:54,Customer
53,51,8/30/2013 11:04,8/30/2013 11:08,Subscriber
57,52,8/30/2013 17:24,8/30/2013 17:28,Customer
45,40,8/30/2013 12:14,8/30/2013 12:18,Subscriber
7,5,8/30/2013 13:21,8/30/2013 13:25,Subscriber
55,47,8/30/2013 13:20,8/30/2013 13:24,Subscriber
63,39,8/30/2013 9:58,8/30/2013 10:02,Subscriber
45,64,8/30/2013 10:23,8/30/2013 10:27,Subscriber
42,56,8/30/2013 9:36,8/30/2013 9:40,Customer
48,56,8/30/2013 14:03,8/30/2013 14:08,Subscriber
64,65,8/30/2013 10:27,8/30/2013 10:32,Subscriber
54,58,8/30/2013 18:08,8/30/2013 18:12,Subscriber
53,53,8/30/2013 15:25,8/30/2013 15:29,Subscriber
49,49,8/30/2013 18:08,8/30/2013 18:13,Subscriber
22,22,8/30/2013 21:40,8/30/2013 21:45,Subscriber
59,46,8/30/2013 8:49,8/30/2013 8:53,Customer
65,42,8/30/2013 18:20,8/30/2013 18:24,Customer
39,52,8/30/2013 21:41,8/30/2013 21:46,Subscriber
3,1,8/30/2013 16:37,8/30/2013 16:42,Subscriber
12,5,8/30/2013 13:10,8/30/2013 13:15,Subscriber
1,1,8/30/2013 18:38,8/30/2013 18:43,Subscriber
63,45,8/30/2013 10:15,8/30/2013 10:20,Subscriber
37,33,8/30/2013 17:21,8/30/2013 17:26,Subscriber
50,59,8/30/2013 18:04,8/30/2013 18:09,Subscriber
58,54,8/30/2013 13:59,8/30/2013 14:04,Customer
53,66,8/30/2013 20:19,8/30/2013 20:24,Subscriber
3,1,8/30/2013 13:30,8/30/2013 13:35,Subscriber
6,2,8/30/2013 13:08,8/30/2013 13:13,Subscriber
58,54,8/30/2013 11:32,8/30/2013 11:37,Subscriber
6,12,8/30/2013 19:51,8/30/2013 19:56,Customer
61,61,8/30/2013 18:58,8/30/2013 19:03,Subscriber
39,63,8/30/2013 17:53,8/30/2013 17:58,Subscriber
65,42,8/30/2013 18:20,8/30/2013 18:25,Customer
65,61,8/30/2013 10:32,8/30/2013 10:37,Subscriber
66,57,8/30/2013 16:19,8/30/2013 16:24,Customer
33,64,8/30/2013 10:15,8/30/2013 10:20,Customer
39,52,8/30/2013 13:56,8/30/2013 14:01,Customer
58,46,8/30/2013 9:04,8/30/2013 9:09,Customer
50,52,8/30/2013 9:29,8/30/2013 9:35,Subscriber
44,40,8/30/2013 16:47,8/30/2013 16:52,Customer
56,42,8/30/2013 18:41,8/30/2013 18:47,Subscriber
61,61,8/30/2013 18:43,8/30/2013 18:49,Customer
65,57,8/30/2013 10:34,8/30/2013 10:39,Subscriber
17,17,8/30/2013 14:13,8/30/2013 14:19,Subscriber
22,24,8/30/2013 12:19,8/30/2013 12:25,Customer
40,63,8/30/2013 23:51,8/30/2013 23:56,Customer
66,51,8/30/2013 10:38,8/30/2013 10:44,Customer
55,61,8/30/2013 16:32,8/30/2013 16:37,Subscriber
42,66,8/30/2013 18:00,8/30/2013 18:06,Subscriber
56,65,8/30/2013 20:36,8/30/2013 20:41,Subscriber
38,49,8/30/2013 12:14,8/30/2013 12:19,Customer
61,55,8/30/2013 8:59,8/30/2013 9:04,Subscriber
49,49,8/30/2013 15:40,8/30/2013 15:45,Subscriber
61,55,8/30/2013 21:37,8/30/2013 21:42,Subscriber
37,45,8/30/2013 9:43,8/30/2013 9:49,Subscriber
9,5,8/30/2013 16:53,8/30/2013 16:59,Subscriber
52,46,8/30/2013 12:12,8/30/2013 12:18,Subscriber
49,49,8/30/2013 19:05,8/30/2013 19:11,Subscriber
43,40,8/30/2013 11:57,8/30/2013 12:03,Subscriber
37,53,8/30/2013 12:14,8/30/2013 12:19,Subscriber
46,59,8/30/2013 14:17,8/30/2013 14:23,Customer
45,37,8/30/2013 10:35,8/30/2013 10:41,Subscriber
45,44,8/30/2013 12:18,8/30/2013 12:24,Subscriber
38,49,8/30/2013 16:57,8/30/2013 17:03,Subscriber
7,2,8/30/2013 18:16,8/30/2013 18:22,Subscriber
33,40,8/30/2013 16:08,8/30/2013 16:14,Subscriber
55,42,8/30/2013 8:27,8/30/2013 8:33,Subscriber
37,40,8/30/2013 15:19,8/30/2013 15:24,Subscriber
5,7,8/30/2013 13:36,8/30/2013 13:42,Subscriber
34,62,8/30/2013 12:09,8/30/2013 12:15,Subscriber
40,63,8/30/2013 23:51,8/30/2013 23:56,Customer
9,7,8/30/2013 18:08,8/30/2013 18:14,Subscriber
43,63,8/30/2013 14:28,8/30/2013 14:34,Subscriber
42,58,8/30/2013 11:48,8/30/2013 11:54,Subscriber
61,56,8/30/2013 10:38,8/30/2013 10:44,Subscriber
40,63,8/30/2013 23:50,8/30/2013 23:56,Customer
42,58,8/30/2013 5:16,8/30/2013 5:23,Customer
5,6,8/30/2013 13:12,8/30/2013 13:19,Subscriber
49,33,8/30/2013 13:07,8/30/2013 13:13,Customer
35,65,8/30/2013 13:54,8/30/2013 14:00,Subscriber
55,42,8/30/2013 15:02,8/30/2013 15:08,Subscriber
37,37,8/30/2013 15:09,8/30/2013 15:15,Subscriber
45,39,8/30/2013 21:16,8/30/2013 21:22,Subscriber
50,66,8/30/2013 15:14,8/30/2013 15:20,Subscriber
2,4,8/30/2013 14:43,8/30/2013 14:49,Subscriber
20,16,8/30/2013 17:18,8/30/2013 17:24,Subscriber
5,6,8/30/2013 18:21,8/30/2013 18:27,Customer
66,57,8/30/2013 16:17,8/30/2013 16:24,Customer
40,43,8/30/2013 13:08,8/30/2013 13:15,Subscriber
38,49,8/30/2013 15:21,8/30/2013 15:27,Customer
49,49,8/30/2013 19:04,8/30/2013 19:11,Customer
24,22,8/30/2013 19:36,8/30/2013 19:42,Subscriber
51,59,8/30/2013 16:35,8/30/2013 16:42,Subscriber
27,23,8/30/2013 7:07,8/30/2013 7:14,Subscriber
40,64,8/30/2013 12:43,8/30/2013 12:50,Subscriber
24,22,8/30/2013 19:36,8/30/2013 19:42,Subscriber
39,45,8/30/2013 21:24,8/30/2013 21:31,Subscriber
33,35,8/30/2013 15:19,8/30/2013 15:26,Subscriber
55,48,8/30/2013 11:40,8/30/2013 11:47,Subscriber
50,66,8/30/2013 8:16,8/30/2013 8:23,Subscriber
49,38,8/30/2013 15:02,8/30/2013 15:09,Customer
49,40,8/30/2013 15:17,8/30/2013 15:24,Customer
45,65,8/30/2013 13:32,8/30/2013 13:39,Subscriber
8,8,8/30/2013 11:07,8/30/2013 11:14,Subscriber
53,51,8/30/2013 15:09,8/30/2013 15:16,Subscriber
15,19,8/30/2013 17:21,8/30/2013 17:28,Subscriber
16,20,8/30/2013 11:53,8/30/2013 11:59,Subscriber
37,37,8/30/2013 15:20,8/30/2013 15:27,Subscriber
55,48,8/30/2013 11:40,8/30/2013 11:47,Subscriber
66,40,8/30/2013 22:13,8/30/2013 22:20,Customer
60,35,8/30/2013 16:53,8/30/2013 17:00,Subscriber
9,7,8/30/2013 18:26,8/30/2013 18:33,Subscriber
48,42,8/30/2013 10:41,8/30/2013 10:48,Subscriber
6,5,8/30/2013 15:53,8/30/2013 16:00,Customer
9,7,8/30/2013 18:26,8/30/2013 18:33,Subscriber
49,40,8/30/2013 15:17,8/30/2013 15:24,Customer
32,32,8/30/2013 12:21,8/30/2013 12:28,Customer
6,5,8/30/2013 15:53,8/30/2013 16:00,Customer
63,43,8/30/2013 6:28,8/30/2013 6:35,Subscriber
65,40,8/30/2013 12:00,8/30/2013 12:08,Subscriber
1,3,8/30/2013 8:28,8/30/2013 8:35,Subscriber
59,50,8/30/2013 18:36,8/30/2013 18:43,Subscriber
59,53,8/30/2013 19:24,8/30/2013 19:31,Customer
48,65,8/30/2013 19:20,8/30/2013 19:27,Subscriber
5,8,8/30/2013 22:31,8/30/2013 22:39,Subscriber
40,37,8/30/2013 7:16,8/30/2013 7:24,Subscriber
47,65,8/30/2013 12:10,8/30/2013 12:18,Subscriber
63,37,8/30/2013 13:03,8/30/2013 13:11,Subscriber
61,60,8/30/2013 8:29,8/30/2013 8:36,Subscriber
39,40,8/30/2013 14:22,8/30/2013 14:30,Customer
23,27,8/30/2013 18:06,8/30/2013 18:13,Subscriber
50,54,8/30/2013 22:35,8/30/2013 22:43,Customer
18,17,8/30/2013 13:00,8/30/2013 13:07,Subscriber
37,63,8/30/2013 12:20,8/30/2013 12:27,Subscriber
37,42,8/30/2013 12:10,8/30/2013 12:18,Subscriber
55,65,8/30/2013 7:44,8/30/2013 7:51,Customer
63,50,8/30/2013 9:21,8/30/2013 9:29,Customer
42,58,8/30/2013 11:21,8/30/2013 11:28,Customer
12,6,8/30/2013 14:56,8/30/2013 15:03,Customer
55,65,8/30/2013 11:30,8/30/2013 11:38,Subscriber
55,42,8/30/2013 12:35,8/30/2013 12:43,Subscriber
50,37,8/30/2013 18:53,8/30/2013 19:00,Subscriber
1,5,8/30/2013 8:41,8/30/2013 8:49,Customer
49,63,8/30/2013 12:16,8/30/2013 12:23,Subscriber
65,59,8/30/2013 19:18,8/30/2013 19:25,Customer
35,63,8/30/2013 14:20,8/30/2013 14:28,Customer
12,6,8/30/2013 14:55,8/30/2013 15:03,Customer
66,62,8/30/2013 11:40,8/30/2013 11:48,Customer
7,5,8/30/2013 11:36,8/30/2013 11:44,Subscriber
50,40,8/30/2013 12:42,8/30/2013 12:50,Customer
52,35,8/30/2013 13:58,8/30/2013 14:06,Subscriber
64,46,8/30/2013 14:14,8/30/2013 14:22,Customer
55,55,8/30/2013 14:16,8/30/2013 14:24,Subscriber
49,40,8/30/2013 18:46,8/30/2013 18:54,Customer
58,42,8/30/2013 21:41,8/30/2013 21:49,Subscriber
35,63,8/30/2013 14:20,8/30/2013 14:28,Customer
56,42,8/30/2013 14:48,8/30/2013 14:56,Customer
64,43,8/30/2013 18:50,8/30/2013 18:58,Subscriber
66,39,8/30/2013 18:17,8/30/2013 18:25,Subscriber
65,40,8/30/2013 11:12,8/30/2013 11:20,Customer
65,40,8/30/2013 11:12,8/30/2013 11:20,Customer
34,35,8/30/2013 8:57,8/30/2013 9:05,Customer
51,33,8/30/2013 9:36,8/30/2013 9:44,Customer
50,40,8/30/2013 11:53,8/30/2013 12:01,Subscriber
10,10,8/30/2013 13:01,8/30/2013 13:10,Customer
50,41,8/30/2013 6:41,8/30/2013 6:50,Subscriber
62,39,8/30/2013 7:38,8/30/2013 7:46,Subscriber
55,55,8/30/2013 10:02,8/30/2013 10:10,Subscriber
66,53,8/30/2013 9:10,8/30/2013 9:19,Customer
48,59,8/30/2013 15:19,8/30/2013 15:27,Customer
37,62,8/30/2013 16:59,8/30/2013 17:08,Customer
43,59,8/30/2013 17:30,8/30/2013 17:38,Customer
33,51,8/30/2013 14:11,8/30/2013 14:19,Customer
6,12,8/30/2013 19:48,8/30/2013 19:56,Customer
47,65,8/30/2013 15:47,8/30/2013 15:55,Customer
45,37,8/30/2013 15:49,8/30/2013 15:58,Subscriber
52,35,8/30/2013 9:49,8/30/2013 9:58,Customer
6,12,8/30/2013 19:48,8/30/2013 19:56,Customer
42,39,8/30/2013 6:59,8/30/2013 7:08,Customer
33,65,8/30/2013 17:13,8/30/2013 17:22,Customer
52,61,8/30/2013 18:42,8/30/2013 18:51,Customer
23,27,8/30/2013 18:46,8/30/2013 18:54,Subscriber
42,55,8/30/2013 13:53,8/30/2013 14:01,Subscriber
58,52,8/30/2013 18:20,8/30/2013 18:29,Customer
54,55,8/30/2013 7:32,8/30/2013 7:41,Subscriber
53,37,8/30/2013 12:24,8/30/2013 12:33,Subscriber
42,55,8/30/2013 13:14,8/30/2013 13:22,Subscriber
58,50,8/30/2013 10:28,8/30/2013 10:37,Customer
65,47,8/30/2013 15:16,8/30/2013 15:25,Customer
48,55,8/30/2013 12:29,8/30/2013 12:38,Subscriber
45,53,8/30/2013 13:05,8/30/2013 13:14,Customer
62,66,8/30/2013 22:20,8/30/2013 22:29,Customer
44,40,8/30/2013 15:19,8/30/2013 15:28,Customer
44,65,8/30/2013 18:30,8/30/2013 18:39,Customer
65,47,8/30/2013 14:34,8/30/2013 14:42,Subscriber
35,42,8/30/2013 18:18,8/30/2013 18:27,Subscriber
50,54,8/30/2013 21:08,8/30/2013 21:17,Customer
59,41,8/30/2013 8:24,8/30/2013 8:33,Subscriber
6,6,8/30/2013 11:01,8/30/2013 11:10,Customer
6,12,8/30/2013 19:47,8/30/2013 19:56,Customer
47,47,8/30/2013 20:38,8/30/2013 20:47,Customer
63,46,8/30/2013 7:52,8/30/2013 8:01,Customer
63,50,8/30/2013 10:47,8/30/2013 10:56,Subscriber
37,56,8/30/2013 9:13,8/30/2013 9:22,Subscriber
55,42,8/30/2013 17:43,8/30/2013 17:52,Subscriber
48,55,8/30/2013 12:29,8/30/2013 12:38,Subscriber
43,40,8/30/2013 16:10,8/30/2013 16:19,Subscriber
42,55,8/30/2013 21:05,8/30/2013 21:14,Subscriber
55,54,8/30/2013 16:36,8/30/2013 16:45,Subscriber
62,66,8/30/2013 17:39,8/30/2013 17:48,Customer
59,46,8/30/2013 13:48,8/30/2013 13:58,Customer
46,40,8/30/2013 18:49,8/30/2013 18:58,Subscriber
43,64,8/30/2013 14:31,8/30/2013 14:40,Customer
14,7,8/30/2013 17:16,8/30/2013 17:25,Customer
47,65,8/30/2013 10:29,8/30/2013 10:38,Customer
65,40,8/30/2013 12:47,8/30/2013 12:57,Subscriber
63,50,8/30/2013 14:30,8/30/2013 14:39,Customer
35,45,8/30/2013 13:10,8/30/2013 13:20,Subscriber
35,52,8/30/2013 12:30,8/30/2013 12:40,Subscriber
48,42,8/30/2013 12:58,8/30/2013 13:07,Subscriber
35,52,8/30/2013 13:54,8/30/2013 14:04,Customer
63,63,8/30/2013 10:40,8/30/2013 10:49,Subscriber
6,1,8/30/2013 10:56,8/30/2013 11:05,Customer
40,42,8/30/2013 14:59,8/30/2013 15:09,Subscriber
6,11,8/30/2013 12:16,8/30/2013 12:26,Subscriber
50,54,8/30/2013 21:08,8/30/2013 21:18,Customer
45,49,8/30/2013 7:59,8/30/2013 8:09,Customer
50,43,8/30/2013 13:19,8/30/2013 13:29,Customer
50,50,8/30/2013 16:06,8/30/2013 16:16,Subscriber
5,6,8/30/2013 21:15,8/30/2013 21:24,Customer
63,50,8/30/2013 14:30,8/30/2013 14:39,Customer
37,59,8/30/2013 17:03,8/30/2013 17:13,Subscriber
50,45,8/30/2013 12:08,8/30/2013 12:18,Customer
8,9,8/30/2013 17:57,8/30/2013 18:07,Subscriber
58,50,8/30/2013 10:27,8/30/2013 10:37,Customer
44,59,8/30/2013 14:55,8/30/2013 15:05,Customer
55,47,8/30/2013 8:56,8/30/2013 9:06,Customer
5,6,8/30/2013 18:18,8/30/2013 18:28,Customer
65,55,8/30/2013 12:43,8/30/2013 12:53,Subscriber
43,64,8/30/2013 14:30,8/30/2013 14:40,Customer
50,43,8/30/2013 13:19,8/30/2013 13:29,Customer
11,4,8/30/2013 12:53,8/30/2013 13:03,Subscriber
50,38,8/30/2013 18:54,8/30/2013 19:04,Customer
41,50,8/30/2013 19:31,8/30/2013 19:42,Customer
50,43,8/30/2013 13:19,8/30/2013 13:29,Customer
14,7,8/30/2013 17:15,8/30/2013 17:26,Customer
43,64,8/30/2013 14:30,8/30/2013 14:40,Customer
63,57,8/30/2013 19:22,8/30/2013 19:32,Customer
42,58,8/30/2013 20:18,8/30/2013 20:28,Subscriber
42,35,8/30/2013 16:41,8/30/2013 16:51,Subscriber
47,35,8/30/2013 10:55,8/30/2013 11:05,Customer
45,59,8/30/2013 13:28,8/30/2013 13:38,Subscriber
55,54,8/30/2013 16:35,8/30/2013 16:45,Subscriber
7,1,8/30/2013 21:19,8/30/2013 21:30,Subscriber
65,39,8/30/2013 12:24,8/30/2013 12:34,Customer
47,54,8/30/2013 6:33,8/30/2013 6:43,Customer
41,59,8/30/2013 19:43,8/30/2013 19:54,Subscriber
5,11,8/30/2013 12:18,8/30/2013 12:29,Subscriber
37,41,8/30/2013 14:42,8/30/2013 14:52,Customer
59,37,8/30/2013 19:22,8/30/2013 19:33,Customer
54,53,8/30/2013 19:20,8/30/2013 19:31,Customer
1,7,8/30/2013 19:51,8/30/2013 20:01,Subscriber
65,62,8/30/2013 22:53,8/30/2013 23:03,Subscriber
45,35,8/30/2013 9:02,8/30/2013 9:12,Customer
40,42,8/30/2013 8:39,8/30/2013 8:50,Subscriber
66,50,8/30/2013 10:25,8/30/2013 10:36,Customer
46,56,8/30/2013 12:02,8/30/2013 12:13,Subscriber
66,50,8/30/2013 12:16,8/30/2013 12:27,Customer
58,57,8/30/2013 16:13,8/30/2013 16:24,Customer
46,56,8/30/2013 12:02,8/30/2013 12:12,Subscriber
61,60,8/30/2013 18:51,8/30/2013 19:02,Customer
59,37,8/30/2013 8:42,8/30/2013 8:53,Subscriber
51,61,8/30/2013 18:22,8/30/2013 18:33,Subscriber
34,65,8/30/2013 15:04,8/30/2013 15:15,Customer
59,43,8/30/2013 8:00,8/30/2013 8:11,Subscriber
58,57,8/30/2013 16:13,8/30/2013 16:24,Customer
40,49,8/30/2013 16:24,8/30/2013 16:35,Subscriber
33,53,8/30/2013 9:49,8/30/2013 10:00,Customer
61,54,8/30/2013 10:56,8/30/2013 11:07,Subscriber
54,52,8/30/2013 14:12,8/30/2013 14:23,Customer
37,41,8/30/2013 14:41,8/30/2013 14:52,Customer
59,63,8/30/2013 5:11,8/30/2013 5:22,Subscriber
37,59,8/30/2013 17:03,8/30/2013 17:14,Subscriber
64,42,8/30/2013 18:05,8/30/2013 18:16,Subscriber
64,63,8/30/2013 17:05,8/30/2013 17:16,Customer
59,41,8/30/2013 18:04,8/30/2013 18:16,Subscriber
40,49,8/30/2013 8:02,8/30/2013 8:13,Subscriber
58,46,8/30/2013 11:41,8/30/2013 11:53,Customer
38,35,8/30/2013 16:21,8/30/2013 16:32,Customer
66,48,8/30/2013 15:37,8/30/2013 15:49,Customer
51,49,8/30/2013 18:49,8/30/2013 19:00,Subscriber
55,59,8/30/2013 17:04,8/30/2013 17:16,Customer
42,63,8/30/2013 16:58,8/30/2013 17:10,Subscriber
59,61,8/30/2013 19:07,8/30/2013 19:19,Customer
59,39,8/30/2013 8:32,8/30/2013 8:44,Subscriber
55,42,8/30/2013 10:46,8/30/2013 10:57,Subscriber
55,52,8/30/2013 16:57,8/30/2013 17:08,Subscriber
59,48,8/30/2013 8:02,8/30/2013 8:14,Customer
66,56,8/30/2013 16:51,8/30/2013 17:03,Subscriber
38,53,8/30/2013 14:55,8/30/2013 15:07,Subscriber
54,58,8/30/2013 12:10,8/30/2013 12:21,Subscriber
37,62,8/30/2013 13:59,8/30/2013 14:11,Customer
55,60,8/30/2013 14:19,8/30/2013 14:31,Customer
5,6,8/30/2013 21:12,8/30/2013 21:24,Customer
40,35,8/30/2013 15:26,8/30/2013 15:38,Subscriber
27,22,8/30/2013 7:49,8/30/2013 8:01,Subscriber
42,45,8/30/2013 11:01,8/30/2013 11:13,Customer
9,12,8/30/2013 12:58,8/30/2013 13:10,Subscriber
38,53,8/30/2013 14:55,8/30/2013 15:07,Subscriber
39,62,8/30/2013 15:13,8/30/2013 15:25,Subscriber
49,64,8/30/2013 12:11,8/30/2013 12:23,Subscriber
22,27,8/30/2013 16:36,8/30/2013 16:48,Subscriber
45,44,8/30/2013 22:58,8/30/2013 23:10,Subscriber
33,47,8/30/2013 10:27,8/30/2013 10:40,Customer
55,65,8/30/2013 9:48,8/30/2013 10:00,Subscriber
21,21,8/30/2013 22:10,8/30/2013 22:22,Subscriber
66,43,8/30/2013 17:30,8/30/2013 17:42,Customer
65,63,8/30/2013 16:05,8/30/2013 16:17,Customer
58,42,8/30/2013 17:21,8/30/2013 17:33,Subscriber
5,6,8/30/2013 18:16,8/30/2013 18:28,Customer
49,62,8/30/2013 10:30,8/30/2013 10:42,Customer
49,43,8/30/2013 16:44,8/30/2013 16:57,Subscriber
45,58,8/30/2013 14:31,8/30/2013 14:44,Customer
40,40,8/30/2013 13:50,8/30/2013 14:02,Subscriber
34,50,8/30/2013 8:52,8/30/2013 9:04,Customer
57,34,8/30/2013 17:23,8/30/2013 17:35,Customer
58,45,8/30/2013 23:05,8/30/2013 23:18,Customer
66,58,8/30/2013 17:48,8/30/2013 18:01,Customer
44,42,8/30/2013 16:34,8/30/2013 16:47,Customer
61,60,8/30/2013 18:50,8/30/2013 19:02,Customer
33,60,8/30/2013 19:01,8/30/2013 19:14,Customer
49,37,8/30/2013 13:45,8/30/2013 13:57,Subscriber
61,63,8/30/2013 19:09,8/30/2013 19:22,Subscriber
61,63,8/30/2013 19:09,8/30/2013 19:22,Subscriber
60,62,8/30/2013 19:33,8/30/2013 19:45,Customer
52,62,8/30/2013 12:05,8/30/2013 12:18,Customer
65,50,8/30/2013 9:54,8/30/2013 10:07,Customer
40,37,8/30/2013 19:11,8/30/2013 19:24,Customer
55,51,8/30/2013 8:51,8/30/2013 9:04,Subscriber
63,62,8/30/2013 8:18,8/30/2013 8:30,Subscriber
59,37,8/30/2013 8:44,8/30/2013 8:57,Subscriber
63,49,8/30/2013 17:55,8/30/2013 18:08,Subscriber
60,62,8/30/2013 19:32,8/30/2013 19:45,Customer
8,10,8/30/2013 18:16,8/30/2013 18:29,Customer
49,59,8/30/2013 6:56,8/30/2013 7:09,Customer
66,43,8/30/2013 17:29,8/30/2013 17:42,Customer
49,45,8/30/2013 20:49,8/30/2013 21:02,Subscriber
52,62,8/30/2013 12:05,8/30/2013 12:18,Customer
59,49,8/30/2013 17:25,8/30/2013 17:39,Customer
49,45,8/30/2013 20:50,8/30/2013 21:03,Customer
58,55,8/30/2013 8:28,8/30/2013 8:42,Subscriber
65,50,8/30/2013 9:54,8/30/2013 10:07,Customer
49,51,8/30/2013 21:10,8/30/2013 21:23,Subscriber
38,46,8/30/2013 17:11,8/30/2013 17:25,Customer
40,61,8/30/2013 14:33,8/30/2013 14:47,Customer
55,66,8/30/2013 16:08,8/30/2013 16:21,Customer
54,47,8/30/2013 16:10,8/30/2013 16:24,Customer
37,55,8/30/2013 19:20,8/30/2013 19:33,Subscriber
12,5,8/30/2013 12:23,8/30/2013 12:36,Customer
55,58,8/30/2013 8:38,8/30/2013 8:52,Customer
59,56,8/30/2013 20:37,8/30/2013 20:51,Customer
50,45,8/30/2013 7:00,8/30/2013 7:14,Customer
60,55,8/30/2013 15:04,8/30/2013 15:18,Customer
49,63,8/30/2013 17:40,8/30/2013 17:53,Customer
63,49,8/30/2013 17:55,8/30/2013 18:09,Customer
58,66,8/30/2013 8:40,8/30/2013 8:54,Customer
5,6,8/30/2013 21:10,8/30/2013 21:24,Customer
42,56,8/30/2013 15:24,8/30/2013 15:38,Customer
55,52,8/30/2013 11:57,8/30/2013 12:11,Subscriber
59,55,8/30/2013 7:42,8/30/2013 7:57,Customer
55,62,8/30/2013 21:12,8/30/2013 21:27,Subscriber
34,42,8/30/2013 16:32,8/30/2013 16:47,Customer
49,60,8/30/2013 12:25,8/30/2013 12:40,Customer
66,38,8/30/2013 16:39,8/30/2013 16:54,Subscriber
66,65,8/30/2013 20:23,8/30/2013 20:38,Subscriber
44,49,8/30/2013 14:36,8/30/2013 14:51,Customer
55,62,8/30/2013 21:12,8/30/2013 21:27,Subscriber
38,46,8/30/2013 17:11,8/30/2013 17:25,Customer
47,66,8/30/2013 8:14,8/30/2013 8:29,Subscriber
44,64,8/30/2013 17:42,8/30/2013 17:57,Subscriber
62,63,8/30/2013 17:49,8/30/2013 18:03,Subscriber
59,44,8/30/2013 8:24,8/30/2013 8:39,Customer
64,63,8/30/2013 17:04,8/30/2013 17:18,Customer
34,42,8/30/2013 16:32,8/30/2013 16:47,Customer
55,39,8/30/2013 12:14,8/30/2013 12:29,Subscriber
42,35,8/30/2013 23:40,8/30/2013 23:55,Subscriber
47,37,8/30/2013 7:35,8/30/2013 7:50,Subscriber
65,49,8/30/2013 15:48,8/30/2013 16:03,Subscriber
63,46,8/30/2013 16:40,8/30/2013 16:55,Customer
45,60,8/30/2013 19:31,8/30/2013 19:46,Customer
44,59,8/30/2013 16:28,8/30/2013 16:43,Customer
7,14,8/30/2013 19:20,8/30/2013 19:35,Customer
49,65,8/30/2013 17:05,8/30/2013 17:20,Customer
66,50,8/30/2013 12:12,8/30/2013 12:27,Customer
65,49,8/30/2013 15:48,8/30/2013 16:03,Customer
42,65,8/30/2013 22:37,8/30/2013 22:52,Subscriber
47,45,8/30/2013 10:43,8/30/2013 10:59,Customer
42,65,8/30/2013 17:13,8/30/2013 17:28,Subscriber
49,63,8/30/2013 17:39,8/30/2013 17:55,Customer
52,49,8/30/2013 15:49,8/30/2013 16:05,Customer
29,32,8/30/2013 18:42,8/30/2013 18:57,Subscriber
39,66,8/30/2013 9:14,8/30/2013 9:29,Subscriber
34,60,8/30/2013 19:17,8/30/2013 19:33,Customer
50,40,8/30/2013 13:38,8/30/2013 13:53,Customer
62,55,8/30/2013 23:51,8/31/2013 0:07,Subscriber
8,10,8/30/2013 18:13,8/30/2013 18:29,Customer
61,58,8/30/2013 14:46,8/30/2013 15:02,Customer
45,55,8/30/2013 16:14,8/30/2013 16:29,Subscriber
37,62,8/30/2013 17:06,8/30/2013 17:22,Customer
33,58,8/30/2013 18:18,8/30/2013 18:34,Customer
49,45,8/30/2013 18:12,8/30/2013 18:28,Customer
66,66,8/30/2013 13:08,8/30/2013 13:24,Subscriber
62,63,8/30/2013 17:25,8/30/2013 17:41,Subscriber
59,56,8/30/2013 20:34,8/30/2013 20:50,Customer
45,56,8/30/2013 9:08,8/30/2013 9:24,Subscriber
65,55,8/30/2013 12:37,8/30/2013 12:53,Subscriber
60,57,8/30/2013 22:03,8/30/2013 22:19,Customer
42,45,8/30/2013 10:56,8/30/2013 11:13,Customer
49,34,8/30/2013 19:00,8/30/2013 19:16,Customer
48,59,8/30/2013 17:11,8/30/2013 17:28,Customer
66,38,8/30/2013 18:47,8/30/2013 19:04,Customer
13,6,8/30/2013 13:41,8/30/2013 13:58,Subscriber
55,50,8/30/2013 10:20,8/30/2013 10:37,Subscriber
41,58,8/30/2013 17:36,8/30/2013 17:53,Subscriber
7,14,8/30/2013 19:18,8/30/2013 19:35,Customer
39,54,8/30/2013 14:20,8/30/2013 14:37,Customer
40,40,8/30/2013 17:48,8/30/2013 18:05,Customer
60,57,8/30/2013 22:02,8/30/2013 22:19,Customer
54,45,8/30/2013 6:38,8/30/2013 6:55,Subscriber
40,35,8/30/2013 12:06,8/30/2013 12:23,Customer
60,33,8/30/2013 16:22,8/30/2013 16:39,Customer
41,58,8/30/2013 17:36,8/30/2013 17:53,Subscriber
7,14,8/30/2013 19:18,8/30/2013 19:35,Customer
50,49,8/30/2013 14:44,8/30/2013 15:01,Customer
5,6,8/30/2013 21:06,8/30/2013 21:24,Customer
40,35,8/30/2013 12:05,8/30/2013 12:22,Customer
17,18,8/30/2013 12:42,8/30/2013 12:59,Subscriber
59,35,8/30/2013 7:19,8/30/2013 7:37,Subscriber
55,50,8/30/2013 10:20,8/30/2013 10:37,Subscriber
55,35,8/30/2013 14:18,8/30/2013 14:35,Subscriber
51,40,8/30/2013 11:03,8/30/2013 11:21,Customer
58,62,8/30/2013 18:28,8/30/2013 18:45,Subscriber
58,61,8/30/2013 16:11,8/30/2013 16:29,Customer
62,54,8/30/2013 17:11,8/30/2013 17:29,Subscriber
55,35,8/30/2013 14:17,8/30/2013 14:35,Customer
51,40,8/30/2013 11:03,8/30/2013 11:21,Customer
49,42,8/30/2013 15:39,8/30/2013 15:56,Customer
42,34,8/30/2013 15:59,8/30/2013 16:17,Customer
63,55,8/30/2013 18:52,8/30/2013 19:11,Subscriber
49,42,8/30/2013 15:38,8/30/2013 15:57,Customer
42,34,8/30/2013 15:59,8/30/2013 16:17,Customer
33,55,8/30/2013 17:25,8/30/2013 17:43,Subscriber
66,49,8/30/2013 12:54,8/30/2013 13:12,Subscriber
66,34,8/30/2013 12:48,8/30/2013 13:07,Subscriber
60,53,8/30/2013 18:09,8/30/2013 18:28,Customer
66,53,8/30/2013 12:09,8/30/2013 12:28,Customer
55,56,8/30/2013 15:14,8/30/2013 15:32,Subscriber
56,38,8/30/2013 11:59,8/30/2013 12:17,Customer
47,50,8/30/2013 8:16,8/30/2013 8:35,Subscriber
46,50,8/30/2013 18:34,8/30/2013 18:53,Subscriber
55,33,8/30/2013 8:06,8/30/2013 8:25,Subscriber
47,40,8/30/2013 12:59,8/30/2013 13:17,Subscriber
52,52,8/30/2013 23:30,8/30/2013 23:49,Customer
45,55,8/30/2013 14:15,8/30/2013 14:34,Subscriber
43,58,8/30/2013 15:10,8/30/2013 15:29,Customer
39,58,8/30/2013 14:15,8/30/2013 14:34,Subscriber
32,29,8/30/2013 19:17,8/30/2013 19:36,Subscriber
62,33,8/30/2013 12:38,8/30/2013 12:57,Subscriber
63,55,8/30/2013 17:24,8/30/2013 17:43,Customer
56,44,8/30/2013 17:21,8/30/2013 17:41,Subscriber
52,52,8/30/2013 23:30,8/30/2013 23:49,Customer
59,44,8/30/2013 9:32,8/30/2013 9:52,Customer
33,38,8/30/2013 18:18,8/30/2013 18:37,Subscriber
10,5,8/30/2013 18:37,8/30/2013 18:57,Customer
39,55,8/30/2013 12:48,8/30/2013 13:07,Subscriber
10,5,8/30/2013 18:37,8/30/2013 18:57,Customer
50,51,8/30/2013 11:17,8/30/2013 11:37,Customer
55,35,8/30/2013 12:22,8/30/2013 12:41,Customer
66,66,8/30/2013 14:44,8/30/2013 15:04,Customer
35,40,8/30/2013 14:43,8/30/2013 15:03,Subscriber
66,45,8/30/2013 11:14,8/30/2013 11:34,Subscriber
35,40,8/30/2013 14:43,8/30/2013 15:03,Subscriber
50,49,8/30/2013 14:44,8/30/2013 15:04,Customer
40,49,8/30/2013 8:24,8/30/2013 8:44,Customer
38,64,8/30/2013 18:42,8/30/2013 19:02,Subscriber
53,33,8/30/2013 12:55,8/30/2013 13:15,Subscriber
40,49,8/30/2013 12:14,8/30/2013 12:34,Customer
35,40,8/30/2013 14:43,8/30/2013 15:03,Customer
55,40,8/30/2013 9:18,8/30/2013 9:39,Subscriber
37,40,8/30/2013 12:52,8/30/2013 13:13,Customer
29,29,8/30/2013 18:42,8/30/2013 19:03,Subscriber
40,49,8/30/2013 12:14,8/30/2013 12:34,Customer
40,55,8/30/2013 8:08,8/30/2013 8:28,Subscriber
49,49,8/30/2013 21:03,8/30/2013 21:24,Customer
55,55,8/30/2013 15:35,8/30/2013 15:55,Subscriber
35,52,8/30/2013 13:57,8/30/2013 14:18,Customer
49,40,8/30/2013 23:28,8/30/2013 23:49,Customer
40,55,8/30/2013 9:06,8/30/2013 9:27,Subscriber
60,53,8/30/2013 18:07,8/30/2013 18:28,Customer
21,24,8/30/2013 19:14,8/30/2013 19:36,Subscriber
49,40,8/30/2013 23:27,8/30/2013 23:49,Customer
60,53,8/30/2013 18:07,8/30/2013 18:28,Customer
55,55,8/30/2013 15:34,8/30/2013 15:56,Subscriber
43,58,8/30/2013 15:07,8/30/2013 15:29,Customer
52,52,8/30/2013 20:54,8/30/2013 21:16,Customer
21,24,8/30/2013 19:14,8/30/2013 19:36,Subscriber
66,38,8/30/2013 11:38,8/30/2013 12:00,Customer
43,42,8/30/2013 17:52,8/30/2013 18:14,Customer
52,38,8/30/2013 19:18,8/30/2013 19:40,Customer
52,38,8/30/2013 19:18,8/30/2013 19:40,Customer
17,17,8/30/2013 17:38,8/30/2013 18:00,Subscriber
52,38,8/30/2013 19:18,8/30/2013 19:40,Customer
50,53,8/30/2013 13:19,8/30/2013 13:41,Subscriber
43,34,8/30/2013 13:49,8/30/2013 14:12,Customer
42,65,8/30/2013 18:43,8/30/2013 19:06,Subscriber
50,40,8/30/2013 11:21,8/30/2013 11:44,Customer
56,62,8/30/2013 14:30,8/30/2013 14:53,Customer
49,61,8/30/2013 13:42,8/30/2013 14:05,Customer
43,42,8/30/2013 17:52,8/30/2013 18:14,Customer
40,49,8/30/2013 14:52,8/30/2013 15:15,Customer
63,39,8/30/2013 18:21,8/30/2013 18:45,Subscriber
39,55,8/30/2013 18:45,8/30/2013 19:09,Subscriber
41,58,8/30/2013 18:11,8/30/2013 18:34,Customer
52,52,8/30/2013 20:52,8/30/2013 21:16,Customer
57,57,8/30/2013 13:10,8/30/2013 13:34,Subscriber
57,57,8/30/2013 13:10,8/30/2013 13:34,Subscriber
22,23,8/30/2013 8:34,8/30/2013 8:58,Subscriber
57,57,8/30/2013 13:10,8/30/2013 13:34,Subscriber
55,44,8/30/2013 8:08,8/30/2013 8:32,Customer
44,44,8/30/2013 12:06,8/30/2013 12:31,Customer
42,49,8/30/2013 10:05,8/30/2013 10:30,Customer
35,52,8/30/2013 13:54,8/30/2013 14:19,Customer
49,33,8/30/2013 16:44,8/30/2013 17:08,Customer
8,5,8/30/2013 21:20,8/30/2013 21:44,Subscriber
49,33,8/30/2013 16:44,8/30/2013 17:08,Customer
62,65,8/30/2013 18:10,8/30/2013 18:35,Customer
49,59,8/30/2013 16:28,8/30/2013 16:54,Subscriber
66,66,8/30/2013 19:13,8/30/2013 19:39,Customer
40,49,8/30/2013 12:51,8/30/2013 13:16,Customer
43,49,8/30/2013 18:32,8/30/2013 18:58,Customer
42,49,8/30/2013 10:05,8/30/2013 10:31,Customer
35,48,8/30/2013 16:34,8/30/2013 17:01,Subscriber
58,46,8/30/2013 16:37,8/30/2013 17:03,Subscriber
44,44,8/30/2013 12:04,8/30/2013 12:31,Customer
30,30,8/30/2013 22:40,8/30/2013 23:07,Customer
49,38,8/30/2013 14:52,8/30/2013 15:18,Customer
58,46,8/30/2013 16:36,8/30/2013 17:03,Subscriber
46,46,8/30/2013 15:31,8/30/2013 15:58,Customer
34,38,8/30/2013 15:37,8/30/2013 16:04,Customer
46,46,8/30/2013 15:31,8/30/2013 15:59,Customer
59,55,8/30/2013 10:14,8/30/2013 10:41,Subscriber
56,34,8/30/2013 12:18,8/30/2013 12:45,Customer
40,49,8/30/2013 12:49,8/30/2013 13:16,Customer
40,58,8/30/2013 16:16,8/30/2013 16:44,Customer
59,55,8/30/2013 10:14,8/30/2013 10:42,Customer
56,34,8/30/2013 12:18,8/30/2013 12:46,Customer
40,58,8/30/2013 16:16,8/30/2013 16:44,Customer
63,33,8/30/2013 17:20,8/30/2013 17:49,Customer
48,51,8/30/2013 12:13,8/30/2013 12:42,Subscriber
32,32,8/30/2013 19:49,8/30/2013 20:18,Customer
50,38,8/30/2013 12:14,8/30/2013 12:44,Customer
37,65,8/30/2013 9:01,8/30/2013 9:31,Customer
63,33,8/30/2013 17:20,8/30/2013 17:49,Customer
48,65,8/30/2013 14:20,8/30/2013 14:50,Subscriber
44,44,8/30/2013 12:01,8/30/2013 12:31,Customer
65,53,8/30/2013 12:47,8/30/2013 13:17,Customer
41,55,8/30/2013 16:06,8/30/2013 16:37,Customer
48,52,8/30/2013 14:42,8/30/2013 15:12,Customer
40,59,8/30/2013 15:41,8/30/2013 16:11,Customer
40,49,8/30/2013 13:21,8/30/2013 13:52,Customer
40,49,8/30/2013 16:31,8/30/2013 17:02,Customer
38,54,8/30/2013 16:20,8/30/2013 16:51,Customer
63,49,8/30/2013 10:42,8/30/2013 11:14,Customer
46,63,8/30/2013 10:07,8/30/2013 10:40,Customer
40,49,8/30/2013 13:19,8/30/2013 13:52,Customer
44,44,8/30/2013 11:57,8/30/2013 12:31,Customer
46,52,8/30/2013 14:07,8/30/2013 14:41,Subscriber
37,56,8/30/2013 0:19,8/30/2013 0:54,Customer
65,47,8/30/2013 18:53,8/30/2013 19:30,Subscriber
4,12,8/30/2013 1:15,8/30/2013 1:52,Customer
66,66,8/30/2013 6:44,8/30/2013 7:25,Customer
38,65,8/30/2013 18:17,8/30/2013 18:58,Customer
38,65,8/30/2013 18:16,8/30/2013 18:59,Customer
17,17,8/30/2013 15:20,8/30/2013 16:04,Subscriber
29,29,8/30/2013 18:49,8/30/2013 19:34,Customer
34,34,8/30/2013 9:20,8/30/2013 10:06,Customer
29,29,8/30/2013 18:48,8/30/2013 19:34,Customer
34,34,8/30/2013 9:20,8/30/2013 10:06,Customer
49,56,8/30/2013 15:13,8/30/2013 16:01,Customer
10,8,8/30/2013 18:36,8/30/2013 19:24,Customer
61,49,8/30/2013 12:53,8/30/2013 13:41,Customer
10,8,8/30/2013 18:33,8/30/2013 19:22,Customer
65,39,8/30/2013 23:57,8/31/2013 0:52,Customer
63,50,8/30/2013 15:14,8/30/2013 16:10,Subscriber
63,50,8/30/2013 15:14,8/30/2013 16:10,Subscriber
54,54,8/30/2013 12:21,8/30/2013 13:20,Customer
45,49,8/30/2013 16:40,8/30/2013 17:39,Customer
66,40,8/30/2013 17:57,8/30/2013 18:58,Customer
42,65,8/30/2013 13:39,8/30/2013 14:40,Customer
61,63,8/30/2013 16:45,8/30/2013 17:58,Customer
43,17,8/30/2013 18:15,8/30/2013 19:29,Subscriber
52,62,8/30/2013 19:05,8/30/2013 20:19,Customer
40,40,8/30/2013 20:03,8/30/2013 21:17,Customer
40,40,8/30/2013 20:03,8/30/2013 21:17,Customer
45,49,8/30/2013 16:23,8/30/2013 17:38,Customer
65,49,8/30/2013 8:25,8/30/2013 9:41,Customer
22,22,8/30/2013 11:07,8/30/2013 12:28,Customer
22,22,8/30/2013 11:07,8/30/2013 12:28,Customer
6,12,8/30/2013 20:15,8/30/2013 21:42,Customer
6,12,8/30/2013 20:13,8/30/2013 21:42,Customer
60,38,8/30/2013 10:28,8/30/2013 12:00,Customer
